time_tag,flux
2025-08-02 10:10:00+00:00,4.133741480227826e-07
2025-08-02 10:20:00+00:00,4.530379570155674e-07
2025-08-02 10:30:00+00:00,4.7679875674333517e-07
2025-08-02 10:40:00+00:00,5.047472400931952e-07
2025-08-02 10:50:00+00:00,6.033808448435707e-07
2025-08-02 11:00:00+00:00,1.2050330374435702e-06
2025-08-02 11:10:00+00:00,1.5159605066372706e-06
2025-08-02 11:20:00+00:00,1.0381617325805337e-06
2025-08-02 11:30:00+00:00,8.715135498604809e-07
2025-08-02 11:40:00+00:00,7.547474169200541e-07
2025-08-02 11:50:00+00:00,6.551650062469605e-07
2025-08-02 12:00:00+00:00,6.670145769049896e-07
2025-08-02 12:10:00+00:00,7.333534422393484e-07
2025-08-02 12:20:00+00:00,7.423985974419623e-07
2025-08-02 12:30:00+00:00,6.608744866021254e-07
2025-08-02 12:40:00+00:00,6.216390432634e-07
2025-08-02 12:50:00+00:00,5.574614599268557e-07
2025-08-02 13:00:00+00:00,5.084043646519376e-07
2025-08-02 13:10:00+00:00,4.967711931591623e-07
2025-08-02 13:20:00+00:00,4.84644152143332e-07
2025-08-02 13:30:00+00:00,5.667576147061482e-07
2025-08-02 13:40:00+00:00,5.312123300793559e-07
2025-08-02 13:50:00+00:00,5.318332902959355e-07
2025-08-02 14:00:00+00:00,5.931354783328402e-07
2025-08-02 14:10:00+00:00,5.325353091834018e-07
2025-08-02 14:20:00+00:00,5.314598163774775e-07
2025-08-02 14:30:00+00:00,5.203653924645834e-07
2025-08-02 14:40:00+00:00,6.229098573840019e-07
2025-08-02 14:50:00+00:00,1.076108351583116e-06
2025-08-02 15:00:00+00:00,1.4431212541410331e-06
2025-08-02 15:10:00+00:00,1.3667137743311742e-06
2025-08-02 15:20:00+00:00,1.1211874308969527e-06
2025-08-02 15:30:00+00:00,8.744314740738446e-07
2025-08-02 15:40:00+00:00,7.173449682262856e-07
2025-08-02 15:50:00+00:00,6.733329838137792e-07
2025-08-02 16:00:00+00:00,6.390943493528311e-07
2025-08-02 16:10:00+00:00,5.572661584185568e-07
2025-08-02 16:20:00+00:00,5.200708720121128e-07
2025-08-02 16:30:00+00:00,5.230008649270701e-07
2025-08-02 16:40:00+00:00,4.923132736589509e-07
2025-08-02 16:50:00+00:00,4.711033044779711e-07
2025-08-02 17:00:00+00:00,4.740993311491692e-07
2025-08-02 17:10:00+00:00,4.738899678891073e-07
2025-08-02 17:20:00+00:00,4.64294036062185e-07
2025-08-02 17:30:00+00:00,8.181781595339999e-07
2025-08-02 17:40:00+00:00,1.0563011224817843e-06
2025-08-02 17:50:00+00:00,6.879584904417868e-07
2025-08-02 18:00:00+00:00,8.321380524201061e-07
2025-08-02 18:10:00+00:00,5.320759141280717e-07
2025-08-02 18:20:00+00:00,5.044934362263831e-07
2025-08-02 18:30:00+00:00,5.96555024667822e-07
2025-08-02 18:40:00+00:00,4.890173843197232e-07
2025-08-02 18:50:00+00:00,5.414535562131562e-07
2025-08-02 19:00:00+00:00,7.7483715674731e-07
2025-08-02 19:10:00+00:00,1.7316267317823986e-06
2025-08-02 19:20:00+00:00,1.2918791536975504e-06
2025-08-02 19:30:00+00:00,9.295114436369544e-07
2025-08-02 19:40:00+00:00,7.552729319293406e-07
2025-08-02 19:50:00+00:00,6.651175710636891e-07
2025-08-02 20:00:00+00:00,6.95790219307213e-07
2025-08-02 20:10:00+00:00,5.776959475234378e-07
2025-08-02 20:20:00+00:00,6.14320477243524e-07
2025-08-02 20:30:00+00:00,5.688178680962608e-07
2025-08-02 20:40:00+00:00,5.044946498777847e-07
2025-08-02 20:50:00+00:00,5.294242643394398e-07
2025-08-02 21:00:00+00:00,5.266703383188798e-07
2025-08-02 21:10:00+00:00,5.075485346228703e-07
2025-08-02 21:20:00+00:00,5.028643236038022e-07
2025-08-02 21:30:00+00:00,5.051750530782329e-07
2025-08-02 21:40:00+00:00,4.85869415811635e-07
2025-08-02 21:50:00+00:00,4.956053465843268e-07
2025-08-02 22:00:00+00:00,5.594604542746851e-07
2025-08-02 22:10:00+00:00,5.19285912226053e-07
2025-08-02 22:20:00+00:00,5.020788751863847e-07
2025-08-02 22:30:00+00:00,5.107231971557269e-07
2025-08-02 22:40:00+00:00,4.841656479293021e-07
2025-08-02 22:50:00+00:00,4.909697939758928e-07
2025-08-02 23:00:00+00:00,4.772667601571356e-07
2025-08-02 23:10:00+00:00,4.902001274231793e-07
2025-08-02 23:20:00+00:00,4.876126213027021e-07
2025-08-02 23:30:00+00:00,4.767129328175912e-07
2025-08-02 23:40:00+00:00,5.085223479195377e-07
2025-08-02 23:50:00+00:00,5.035382423912438e-07
2025-08-03 00:00:00+00:00,6.639928757934399e-07
2025-08-03 00:10:00+00:00,7.818812324700275e-07
2025-08-03 00:20:00+00:00,7.31870440073834e-07
2025-08-03 00:30:00+00:00,6.377595902939958e-07
2025-08-03 00:40:00+00:00,6.759314872262223e-07
2025-08-03 00:50:00+00:00,6.764770459355418e-07
2025-08-03 01:00:00+00:00,6.05294716748972e-07
2025-08-03 01:10:00+00:00,6.312859456514275e-07
2025-08-03 01:20:00+00:00,7.55908899652269e-07
2025-08-03 01:30:00+00:00,7.260936212283298e-07
2025-08-03 01:40:00+00:00,6.981118701787637e-07
2025-08-03 01:50:00+00:00,7.473264433954796e-07
2025-08-03 02:00:00+00:00,1.0102372936415804e-06
2025-08-03 02:10:00+00:00,1.1498846262725237e-06
2025-08-03 02:20:00+00:00,7.507297679509861e-07
2025-08-03 02:30:00+00:00,7.888921100374092e-07
2025-08-03 02:40:00+00:00,2.054555847763595e-06
2025-08-03 02:50:00+00:00,1.5976108379334163e-06
2025-08-03 03:00:00+00:00,1.118628707352798e-06
2025-08-03 03:10:00+00:00,9.300054408356573e-07
2025-08-03 03:20:00+00:00,8.036209088402302e-07
2025-08-03 03:30:00+00:00,7.953025823681514e-07
2025-08-03 03:40:00+00:00,8.28183164980345e-07
2025-08-03 03:50:00+00:00,8.145592232722265e-07
2025-08-03 04:00:00+00:00,7.38763576890733e-07
2025-08-03 04:10:00+00:00,6.496998409932786e-07
2025-08-03 04:20:00+00:00,6.383959924249893e-07
2025-08-03 04:30:00+00:00,7.252656978096184e-07
2025-08-03 04:40:00+00:00,6.711397238845507e-07
2025-08-03 04:50:00+00:00,6.736175279353774e-07
2025-08-03 05:00:00+00:00,6.070156694626406e-07
2025-08-03 05:10:00+00:00,5.952794845054399e-07
2025-08-03 05:20:00+00:00,5.344720450661811e-07
2025-08-03 05:30:00+00:00,5.59963486024273e-07
2025-08-03 05:40:00+00:00,5.822040216596491e-07
2025-08-03 05:50:00+00:00,5.886777062702464e-07
2025-08-03 06:00:00+00:00,5.474759880219615e-07
2025-08-03 06:10:00+00:00,5.472945201256963e-07
2025-08-03 06:20:00+00:00,5.994000765507934e-07
2025-08-03 06:30:00+00:00,6.930906322644148e-07
2025-08-03 06:40:00+00:00,5.607821828901294e-07
2025-08-03 06:50:00+00:00,5.427683505421221e-07
2025-08-03 07:00:00+00:00,5.49929323512277e-07
2025-08-03 07:10:00+00:00,6.981720282572823e-07
2025-08-03 07:20:00+00:00,8.480334312999104e-07
2025-08-03 07:30:00+00:00,7.342910784746693e-07
2025-08-03 07:40:00+00:00,7.87497934595649e-07
2025-08-03 07:50:00+00:00,8.216610463129825e-07
2025-08-03 08:00:00+00:00,9.33349492271418e-07
2025-08-03 08:10:00+00:00,1.0956852710464204e-06
2025-08-03 08:20:00+00:00,1.195382478336171e-06
2025-08-03 08:30:00+00:00,1.055455634269009e-06
2025-08-03 08:40:00+00:00,9.282057455095582e-07
2025-08-03 08:50:00+00:00,9.058645325410452e-07
2025-08-03 09:00:00+00:00,1.3154392615177812e-06
2025-08-03 09:10:00+00:00,1.3052384492340253e-06
2025-08-03 09:20:00+00:00,1.6873977276787856e-06
2025-08-03 09:30:00+00:00,1.5724476352119154e-06
2025-08-03 09:40:00+00:00,1.0829126063427451e-06
2025-08-03 09:50:00+00:00,8.221921464546256e-07
2025-08-03 10:00:00+00:00,6.842023615227788e-07
2025-08-03 10:10:00+00:00,6.248395457042477e-07
2025-08-03 10:20:00+00:00,6.059795857105144e-07
2025-08-03 10:30:00+00:00,5.532991198098359e-07
2025-08-03 10:40:00+00:00,5.170880257421296e-07
2025-08-03 10:50:00+00:00,5.272209393947235e-07
2025-08-03 11:00:00+00:00,4.775306903903598e-07
2025-08-03 11:10:00+00:00,4.783277581799084e-07
2025-08-03 11:20:00+00:00,5.032882292921315e-07
2025-08-03 11:30:00+00:00,5.492240932269965e-07
2025-08-03 11:40:00+00:00,5.486843094981709e-07
2025-08-03 11:50:00+00:00,5.379974090669037e-07
2025-08-03 12:00:00+00:00,5.134103805648493e-07
2025-08-03 12:10:00+00:00,5.122406221413911e-07
2025-08-03 12:20:00+00:00,5.017666107054453e-07
2025-08-03 12:30:00+00:00,5.518591561060049e-07
2025-08-03 12:40:00+00:00,6.375676894876392e-07
2025-08-03 12:50:00+00:00,7.80956736345928e-07
2025-08-03 13:00:00+00:00,6.407288961618463e-07
2025-08-03 13:10:00+00:00,6.69624244942213e-07
2025-08-03 13:20:00+00:00,7.42968081102191e-07
2025-08-03 13:30:00+00:00,8.17001713837584e-07
2025-08-03 13:40:00+00:00,1.2055180743431037e-06
2025-08-03 13:50:00+00:00,8.223257577810727e-06
2025-08-03 14:00:00+00:00,5.6336919016075624e-06
2025-08-03 14:10:00+00:00,2.611060217105887e-06
2025-08-03 14:20:00+00:00,1.384064302101251e-06
2025-08-03 14:30:00+00:00,1.0095928271169896e-06
2025-08-03 14:40:00+00:00,8.977159287937298e-07
2025-08-03 14:50:00+00:00,8.23843034147842e-07
2025-08-03 15:00:00+00:00,8.1804627427573e-07
2025-08-03 15:10:00+00:00,8.648626076634969e-07
2025-08-03 15:20:00+00:00,7.627218038486205e-07
2025-08-03 15:30:00+00:00,6.868011872107616e-07
2025-08-03 15:40:00+00:00,6.617424185506593e-07
2025-08-03 15:50:00+00:00,6.42650815496637e-07
2025-08-03 16:00:00+00:00,6.288815892485644e-07
2025-08-03 16:10:00+00:00,6.044043021180557e-07
2025-08-03 16:20:00+00:00,6.487709532709829e-07
2025-08-03 16:30:00+00:00,7.000363928533204e-07
2025-08-03 16:40:00+00:00,7.705939257363071e-07
2025-08-03 16:50:00+00:00,8.172680495022177e-07
2025-08-03 17:00:00+00:00,9.192054401196969e-07
2025-08-03 17:10:00+00:00,1.7821599278988742e-06
2025-08-03 17:20:00+00:00,1.4142552217322192e-06
2025-08-03 17:30:00+00:00,1.0402772398165895e-06
2025-08-03 17:40:00+00:00,8.292134592302602e-07
2025-08-03 17:50:00+00:00,7.553082500777464e-07
2025-08-03 18:00:00+00:00,6.969638383758082e-07
2025-08-03 18:10:00+00:00,5.868072906256572e-07
2025-08-03 18:20:00+00:00,5.428829001008495e-07
2025-08-03 18:30:00+00:00,5.260062558409829e-07
2025-08-03 18:40:00+00:00,5.581223635253707e-07
2025-08-03 18:50:00+00:00,5.670009496583361e-07
2025-08-03 19:00:00+00:00,5.325649518717058e-07
2025-08-03 19:10:00+00:00,5.434177613672375e-07
2025-08-03 19:20:00+00:00,5.539057893244604e-07
2025-08-03 19:30:00+00:00,7.05232937026068e-07
2025-08-03 19:40:00+00:00,8.383730348171525e-07
2025-08-03 19:50:00+00:00,1.1986980950950964e-06
2025-08-03 20:00:00+00:00,9.010220990646189e-07
2025-08-03 20:10:00+00:00,7.06430318242468e-07
2025-08-03 20:20:00+00:00,7.004191667547843e-07
2025-08-03 20:30:00+00:00,6.536904604281801e-07
2025-08-03 20:40:00+00:00,5.67247397231796e-07
2025-08-03 20:50:00+00:00,6.146356575698064e-07
2025-08-03 21:00:00+00:00,6.072418679892167e-07
2025-08-03 21:10:00+00:00,6.427622295746005e-07
2025-08-03 21:20:00+00:00,6.150704709551036e-07
2025-08-03 21:30:00+00:00,6.975804763165172e-07
2025-08-03 21:40:00+00:00,9.874181694513595e-07
2025-08-03 21:50:00+00:00,3.49497972251811e-06
2025-08-03 22:00:00+00:00,2.8896962035673824e-06
2025-08-03 22:10:00+00:00,1.7714905872878717e-06
2025-08-03 22:20:00+00:00,1.308449479608953e-06
2025-08-03 22:30:00+00:00,1.0679392810075683e-06
2025-08-03 22:40:00+00:00,9.121673064882429e-07
2025-08-03 22:50:00+00:00,8.057785452209032e-07
2025-08-03 23:00:00+00:00,7.378826276216444e-07
2025-08-03 23:10:00+00:00,6.83164876935649e-07
2025-08-03 23:20:00+00:00,6.437205058773543e-07
2025-08-03 23:30:00+00:00,6.813000323901974e-07
2025-08-03 23:40:00+00:00,7.376897537270111e-07
2025-08-03 23:50:00+00:00,8.181809079133018e-07
2025-08-04 00:00:00+00:00,8.217797708098828e-07
2025-08-04 00:10:00+00:00,8.780684899178937e-07
2025-08-04 00:20:00+00:00,1.0831355075069382e-06
2025-08-04 00:30:00+00:00,1.0571048369101278e-06
2025-08-04 00:40:00+00:00,9.887118357809754e-07
2025-08-04 00:50:00+00:00,9.418510451553175e-07
2025-08-04 01:00:00+00:00,8.921057188970849e-07
2025-08-04 01:10:00+00:00,8.552145020601643e-07
2025-08-04 01:20:00+00:00,1.4812273468223224e-06
2025-08-04 01:30:00+00:00,3.0178152485405006e-06
2025-08-04 01:40:00+00:00,1.305703145426662e-06
2025-08-04 01:50:00+00:00,8.658753904100535e-07
2025-08-04 02:00:00+00:00,7.047323509645764e-07
2025-08-04 02:10:00+00:00,7.167780344374819e-07
2025-08-04 02:20:00+00:00,7.432082860248101e-07
2025-08-04 02:30:00+00:00,6.589720598526582e-07
2025-08-04 02:40:00+00:00,6.582930646370499e-07
2025-08-04 02:50:00+00:00,6.298691278772139e-07
2025-08-04 03:00:00+00:00,6.68956877403204e-07
2025-08-04 03:10:00+00:00,7.493399566183001e-07
2025-08-04 03:20:00+00:00,9.63286810851116e-07
2025-08-04 03:30:00+00:00,6.940897455898209e-07
2025-08-04 03:40:00+00:00,6.229286736658679e-07
2025-08-04 03:50:00+00:00,5.967358066127915e-07
2025-08-04 04:00:00+00:00,5.901864472246388e-07
2025-08-04 04:10:00+00:00,6.091353442982949e-07
2025-08-04 04:20:00+00:00,6.718486020851344e-07
2025-08-04 04:30:00+00:00,1.1449208816571854e-06
2025-08-04 04:40:00+00:00,1.6005784537753698e-06
2025-08-04 04:50:00+00:00,6.784745847454588e-06
2025-08-04 05:00:00+00:00,7.722576901869615e-06
2025-08-04 05:10:00+00:00,7.940852702859047e-06
2025-08-04 05:20:00+00:00,5.915646423204635e-06
2025-08-04 05:30:00+00:00,3.3258277952086248e-06
2025-08-04 05:40:00+00:00,1.8094735931839523e-06
2025-08-04 05:50:00+00:00,1.1257023873056937e-06
2025-08-04 06:00:00+00:00,8.431174557621546e-07
2025-08-04 06:10:00+00:00,7.273179426725562e-07
2025-08-04 06:20:00+00:00,7.022884714658062e-07
2025-08-04 06:30:00+00:00,6.85865654492801e-07
2025-08-04 06:40:00+00:00,6.508364688073698e-07
2025-08-04 06:50:00+00:00,6.006276237702224e-07
2025-08-04 07:00:00+00:00,5.616027673127632e-07
2025-08-04 07:10:00+00:00,5.410522863513733e-07
2025-08-04 07:20:00+00:00,5.353973524080402e-07
2025-08-04 07:30:00+00:00,5.840004588364423e-07
2025-08-04 07:40:00+00:00,5.083094382962728e-07
2025-08-04 07:50:00+00:00,5.025423066573609e-07
2025-08-04 08:00:00+00:00,5.222684706041036e-07
2025-08-04 08:10:00+00:00,5.14141349983177e-07
2025-08-04 08:20:00+00:00,5.096335058185631e-07
2025-08-04 08:30:00+00:00,5.05781548554296e-07
2025-08-04 08:40:00+00:00,5.569094133406338e-07
2025-08-04 08:50:00+00:00,5.144058779604777e-07
2025-08-04 09:00:00+00:00,4.893189893051542e-07
2025-08-04 09:10:00+00:00,4.545657350918386e-07
2025-08-04 09:20:00+00:00,4.4463589118914904e-07
2025-08-04 09:30:00+00:00,4.4159886264383275e-07
2025-08-04 09:40:00+00:00,4.458151376507402e-07
2025-08-04 09:50:00+00:00,4.470809869205894e-07
2025-08-04 10:00:00+00:00,4.4123839479937035e-07
2025-08-04 10:10:00+00:00,4.63678817208546e-07
2025-08-04 10:20:00+00:00,4.7259987969727744e-07
2025-08-04 10:30:00+00:00,6.386412908732097e-07
2025-08-04 10:40:00+00:00,1.753438906959559e-06
2025-08-04 10:50:00+00:00,2.7006828304365625e-06
2025-08-04 11:00:00+00:00,2.5228697538182134e-06
2025-08-04 11:10:00+00:00,2.117135365864442e-06
2025-08-04 11:20:00+00:00,1.7611290932251222e-06
2025-08-04 11:30:00+00:00,1.4980209360970776e-06
2025-08-04 11:40:00+00:00,1.2689697932444233e-06
2025-08-04 11:50:00+00:00,1.095106003390356e-06
2025-08-04 12:00:00+00:00,9.462812487370797e-07
2025-08-04 12:10:00+00:00,8.287678600282788e-07
2025-08-04 12:20:00+00:00,7.833367065224195e-07
2025-08-04 12:30:00+00:00,8.488748340695907e-07
2025-08-04 12:40:00+00:00,9.042732045827506e-07
2025-08-04 12:50:00+00:00,1.0349407698839742e-06
2025-08-04 13:00:00+00:00,8.282091979339156e-07
2025-08-04 13:10:00+00:00,7.277216800716246e-07
2025-08-04 13:20:00+00:00,7.738462233675136e-07
2025-08-04 13:30:00+00:00,8.761689828773456e-07
2025-08-04 13:40:00+00:00,8.964349685669504e-07
2025-08-04 13:50:00+00:00,7.484742522656518e-07
2025-08-04 14:00:00+00:00,6.855513165149318e-07
2025-08-04 14:10:00+00:00,8.400677943498635e-07
2025-08-04 14:20:00+00:00,8.870132750971038e-07
2025-08-04 14:30:00+00:00,7.680208825355806e-07
2025-08-04 14:40:00+00:00,6.20035385701101e-07
2025-08-04 14:50:00+00:00,5.588061176453607e-07
2025-08-04 15:00:00+00:00,8.452922736879032e-07
2025-08-04 15:10:00+00:00,6.826383248004219e-07
2025-08-04 15:20:00+00:00,5.790643833325504e-07
2025-08-04 15:30:00+00:00,4.689333670260254e-07
2025-08-04 15:40:00+00:00,4.4242730867782853e-07
2025-08-04 15:50:00+00:00,4.620126238030764e-07
2025-08-04 16:00:00+00:00,4.690889214176153e-07
2025-08-04 16:10:00+00:00,4.6864451608286117e-07
2025-08-04 16:20:00+00:00,4.808119227650564e-07
2025-08-04 16:30:00+00:00,4.917724930830758e-07
2025-08-04 16:40:00+00:00,5.189193033494632e-07
2025-08-04 16:50:00+00:00,5.73259357317113e-07
2025-08-04 17:00:00+00:00,6.739858073423477e-07
2025-08-04 17:10:00+00:00,6.460358672910615e-07
2025-08-04 17:20:00+00:00,6.51861043809987e-07
2025-08-04 17:30:00+00:00,6.386702964711332e-07
2025-08-04 17:40:00+00:00,6.826262346493195e-07
2025-08-04 17:50:00+00:00,6.316079698365229e-07
2025-08-04 18:00:00+00:00,6.45387260700403e-07
2025-08-04 18:10:00+00:00,6.265832080742939e-07
2025-08-04 18:20:00+00:00,5.775466368707072e-07
2025-08-04 18:30:00+00:00,6.583441851226724e-07
2025-08-04 18:40:00+00:00,5.892650719374615e-07
2025-08-04 18:50:00+00:00,5.895683068413149e-07
2025-08-04 19:00:00+00:00,6.589527427713904e-07
2025-08-04 19:10:00+00:00,6.520266879306292e-07
2025-08-04 19:20:00+00:00,8.348639990884976e-07
2025-08-04 19:30:00+00:00,6.260461896445691e-07
2025-08-04 19:40:00+00:00,5.219763096420138e-07
2025-08-04 19:50:00+00:00,5.142717783179762e-07
2025-08-04 20:00:00+00:00,4.880133417373145e-07
2025-08-04 20:10:00+00:00,4.853045788788535e-07
2025-08-04 20:20:00+00:00,4.231508147434226e-07
2025-08-04 20:30:00+00:00,0.0
2025-08-04 20:40:00+00:00,0.0
2025-08-04 20:50:00+00:00,0.0
2025-08-04 21:00:00+00:00,0.0
2025-08-04 21:10:00+00:00,0.0
2025-08-04 21:20:00+00:00,1.481403839598272e-07
2025-08-04 21:30:00+00:00,4.777720091553306e-07
2025-08-04 21:40:00+00:00,4.92440807509098e-07
2025-08-04 21:50:00+00:00,5.122950632596712e-07
2025-08-04 22:00:00+00:00,5.463721771015173e-07
2025-08-04 22:10:00+00:00,5.140693500660376e-07
2025-08-04 22:20:00+00:00,4.6614925257593144e-07
2025-08-04 22:30:00+00:00,4.6500839956387097e-07
2025-08-04 22:40:00+00:00,4.779736290316805e-07
2025-08-04 22:50:00+00:00,4.697393824582008e-07
2025-08-04 23:00:00+00:00,4.417184605642888e-07
2025-08-04 23:10:00+00:00,4.3244540020026535e-07
2025-08-04 23:20:00+00:00,4.374839663867647e-07
2025-08-04 23:30:00+00:00,4.4947232460401663e-07
2025-08-04 23:40:00+00:00,4.5162375554852475e-07
2025-08-04 23:50:00+00:00,4.457786616729464e-07
2025-08-05 00:00:00+00:00,6.046022771766246e-07
2025-08-05 00:10:00+00:00,1.0749562264322777e-06
2025-08-05 00:20:00+00:00,1.208161604893121e-06
2025-08-05 00:30:00+00:00,7.99035801435366e-07
2025-08-05 00:40:00+00:00,6.895441667431612e-07
2025-08-05 00:50:00+00:00,6.307995118248755e-07
2025-08-05 01:00:00+00:00,6.83828427749944e-07
2025-08-05 01:10:00+00:00,6.004306305484874e-07
2025-08-05 01:20:00+00:00,5.747428219571305e-07
2025-08-05 01:30:00+00:00,6.618689599946492e-07
2025-08-05 01:40:00+00:00,6.483903208120978e-07
2025-08-05 01:50:00+00:00,6.950176415720932e-07
2025-08-05 02:00:00+00:00,1.176292057714079e-06
2025-08-05 02:10:00+00:00,6.147188713612195e-06
2025-08-05 02:20:00+00:00,3.6644035731114854e-06
2025-08-05 02:30:00+00:00,1.9690801977390036e-06
2025-08-05 02:40:00+00:00,1.3245793631710966e-06
2025-08-05 02:50:00+00:00,1.0655247701052418e-06
2025-08-05 03:00:00+00:00,1.0644661962544433e-06
2025-08-05 03:10:00+00:00,9.74608086501405e-07
2025-08-05 03:20:00+00:00,9.605544903479313e-07
2025-08-05 03:30:00+00:00,9.655787412299332e-07
2025-08-05 03:40:00+00:00,7.546732970986625e-07
2025-08-05 03:50:00+00:00,6.44660426285526e-07
2025-08-05 04:00:00+00:00,5.914723884004047e-07
2025-08-05 04:10:00+00:00,5.681120847089716e-07
2025-08-05 04:20:00+00:00,5.802910296726083e-07
2025-08-05 04:30:00+00:00,6.619599222545957e-07
2025-08-05 04:40:00+00:00,6.488548741856448e-07
2025-08-05 04:50:00+00:00,7.190437781190439e-07
2025-08-05 05:00:00+00:00,9.400216910648851e-07
2025-08-05 05:10:00+00:00,9.216013976853787e-07
2025-08-05 05:20:00+00:00,8.616584770138047e-07
2025-08-05 05:30:00+00:00,9.73216570621105e-07
2025-08-05 05:40:00+00:00,1.144805558084272e-06
2025-08-05 05:50:00+00:00,1.107627866048233e-06
2025-08-05 06:00:00+00:00,1.0430300612540577e-06
2025-08-05 06:10:00+00:00,9.688318547418362e-07
2025-08-05 06:20:00+00:00,8.360102116355961e-07
2025-08-05 06:30:00+00:00,7.378000348445823e-07
2025-08-05 06:40:00+00:00,7.378762594711929e-07
2025-08-05 06:50:00+00:00,1.177127701446068e-06
2025-08-05 07:00:00+00:00,1.6528521783243376e-06
2025-08-05 07:10:00+00:00,1.62184403436072e-06
2025-08-05 07:20:00+00:00,1.4430795165054633e-06
2025-08-05 07:30:00+00:00,1.1863592748184715e-06
2025-08-05 07:40:00+00:00,1.0996112779437795e-06
2025-08-05 07:50:00+00:00,1.0256086971693889e-06
2025-08-05 08:00:00+00:00,9.339901485105884e-07
2025-08-05 08:10:00+00:00,8.481448541708402e-07
2025-08-05 08:20:00+00:00,8.046238830772268e-07
2025-08-05 08:30:00+00:00,7.732651049252581e-07
2025-08-05 08:40:00+00:00,7.215613465838544e-07
2025-08-05 08:50:00+00:00,7.143732580594531e-07
2025-08-05 09:00:00+00:00,6.739666700283919e-07
2025-08-05 09:10:00+00:00,6.750559205848106e-07
2025-08-05 09:20:00+00:00,6.881590620011479e-07
2025-08-05 09:30:00+00:00,6.626262214481926e-07
2025-08-05 09:40:00+00:00,6.810514573629689e-07
2025-08-05 09:50:00+00:00,6.469116592189295e-07
2025-08-05 10:00:00+00:00,6.560176140979479e-07
2025-08-05 10:10:00+00:00,6.82191680567712e-07
2025-08-05 10:20:00+00:00,6.888074686628442e-07
2025-08-05 10:30:00+00:00,8.323786583552817e-07
2025-08-05 10:40:00+00:00,7.206570388440525e-07
2025-08-05 10:50:00+00:00,6.238467115782243e-07
2025-08-05 11:00:00+00:00,6.177877227120377e-07
2025-08-05 11:10:00+00:00,6.295448211623977e-07
2025-08-05 11:20:00+00:00,6.303523151007795e-07
2025-08-05 11:30:00+00:00,6.102060449375557e-07
2025-08-05 11:40:00+00:00,5.956077275826033e-07
2025-08-05 11:50:00+00:00,6.398528006990035e-07
2025-08-05 12:00:00+00:00,6.946686204045704e-07
2025-08-05 12:10:00+00:00,6.54691317869549e-07
2025-08-05 12:20:00+00:00,6.339622056206196e-07
2025-08-05 12:30:00+00:00,6.410673372592157e-07
2025-08-05 12:40:00+00:00,6.323109621675371e-07
2025-08-05 12:50:00+00:00,6.152137494996879e-07
2025-08-05 13:00:00+00:00,6.254668406313613e-07
2025-08-05 13:10:00+00:00,7.04851926247585e-07
2025-08-05 13:20:00+00:00,8.521531430716322e-07
2025-08-05 13:30:00+00:00,8.147293484306317e-07
2025-08-05 13:40:00+00:00,8.391160106313578e-07
2025-08-05 13:50:00+00:00,8.602968700976987e-07
2025-08-05 14:00:00+00:00,8.778312210466765e-07
2025-08-05 14:10:00+00:00,9.952646976785219e-07
2025-08-05 14:20:00+00:00,1.0132336351276195e-06
2025-08-05 14:30:00+00:00,1.1110625111498961e-06
2025-08-05 14:40:00+00:00,1.1381691125578186e-06
2025-08-05 14:50:00+00:00,1.0269602016776958e-06
2025-08-05 15:00:00+00:00,9.496684681309375e-07
2025-08-05 15:10:00+00:00,8.040199521275327e-07
2025-08-05 15:20:00+00:00,7.686487697888821e-07
2025-08-05 15:30:00+00:00,8.769195353863779e-07
2025-08-05 15:40:00+00:00,8.464450076850482e-07
2025-08-05 15:50:00+00:00,1.7783282783057074e-05
2025-08-05 16:00:00+00:00,6.977724265766483e-06
2025-08-05 16:10:00+00:00,3.7177590598957975e-06
2025-08-05 16:20:00+00:00,2.3367163997534137e-06
2025-08-05 16:30:00+00:00,2.0461517578951315e-06
2025-08-05 16:40:00+00:00,1.994319790554755e-06
2025-08-05 16:50:00+00:00,1.4883639025242701e-06
2025-08-05 17:00:00+00:00,1.2852180173439365e-06
2025-08-05 17:10:00+00:00,2.15949807724769e-06
2025-08-05 17:20:00+00:00,2.0693472038146865e-06
2025-08-05 17:30:00+00:00,1.7375113095852156e-06
2025-08-05 17:40:00+00:00,2.076487375290981e-06
2025-08-05 17:50:00+00:00,2.1021363330930853e-06
2025-08-05 18:00:00+00:00,1.8413583759979701e-06
2025-08-05 18:10:00+00:00,1.6795993253992947e-06
2025-08-05 18:20:00+00:00,1.6707263505111315e-06
2025-08-05 18:30:00+00:00,1.5816276544455831e-06
2025-08-05 18:40:00+00:00,1.3659429029644344e-06
2025-08-05 18:50:00+00:00,1.2416465867914895e-06
2025-08-05 19:00:00+00:00,1.128813457818012e-06
2025-08-05 19:10:00+00:00,1.040359053838813e-06
2025-08-05 19:20:00+00:00,9.917730508846034e-07
2025-08-05 19:30:00+00:00,1.3214332410527163e-06
2025-08-05 19:40:00+00:00,1.7782947065114741e-06
2025-08-05 19:50:00+00:00,1.1538312508108106e-06
2025-08-05 20:00:00+00:00,1.1345978400356672e-06
2025-08-05 20:10:00+00:00,1.0245445613676907e-06
2025-08-05 20:20:00+00:00,9.850983289538817e-07
2025-08-05 20:30:00+00:00,9.011844776196653e-07
2025-08-05 20:40:00+00:00,1.2568033696425118e-06
2025-08-05 20:50:00+00:00,2.3299911660501495e-06
2025-08-05 21:00:00+00:00,2.4084972878313238e-06
2025-08-05 21:10:00+00:00,1.6068441311745118e-06
2025-08-05 21:20:00+00:00,1.1999813796848001e-06
2025-08-05 21:30:00+00:00,1.0171922413704237e-06
2025-08-05 21:40:00+00:00,8.563279413564828e-07
2025-08-05 21:50:00+00:00,8.766403912119358e-07
2025-08-05 22:00:00+00:00,7.972020338087305e-07
2025-08-05 22:10:00+00:00,7.081989507717879e-07
2025-08-05 22:20:00+00:00,6.494499211306959e-07
2025-08-05 22:30:00+00:00,6.366439857963257e-07
2025-08-05 22:40:00+00:00,6.712326478641728e-07
2025-08-05 22:50:00+00:00,8.117908326887857e-07
2025-08-05 23:00:00+00:00,6.510972826667682e-07
2025-08-05 23:10:00+00:00,7.057143155186907e-07
2025-08-05 23:20:00+00:00,9.993710625266772e-07
2025-08-05 23:30:00+00:00,7.740042088144605e-07
2025-08-05 23:40:00+00:00,8.132197345744885e-07
2025-08-05 23:50:00+00:00,7.437093897166847e-07
2025-08-06 00:00:00+00:00,7.619040322204284e-07
2025-08-06 00:10:00+00:00,7.574440789248626e-07
2025-08-06 00:20:00+00:00,7.190570562976007e-07
2025-08-06 00:30:00+00:00,6.837528411018923e-07
2025-08-06 00:40:00+00:00,6.57641607615389e-07
2025-08-06 00:50:00+00:00,7.65939720981379e-07
2025-08-06 01:00:00+00:00,8.202175806104606e-07
2025-08-06 01:10:00+00:00,9.667545413982736e-07
2025-08-06 01:20:00+00:00,9.055168373350852e-07
2025-08-06 01:30:00+00:00,7.982085478808188e-07
2025-08-06 01:40:00+00:00,7.883012893117325e-07
2025-08-06 01:50:00+00:00,7.349421106361831e-07
2025-08-06 02:00:00+00:00,7.720070733796547e-07
2025-08-06 02:10:00+00:00,6.976120264567953e-07
2025-08-06 02:20:00+00:00,8.445066376872035e-07
2025-08-06 02:30:00+00:00,9.213796984042233e-07
2025-08-06 02:40:00+00:00,7.245661646670953e-07
2025-08-06 02:50:00+00:00,6.938568339887041e-07
2025-08-06 03:00:00+00:00,7.082198121288741e-07
2025-08-06 03:10:00+00:00,8.254266027130086e-07
2025-08-06 03:20:00+00:00,1.4478981448462492e-06
2025-08-06 03:30:00+00:00,8.843452476980929e-07
2025-08-06 03:40:00+00:00,8.99326064196515e-07
2025-08-06 03:50:00+00:00,8.837595887101202e-07
2025-08-06 04:00:00+00:00,9.306076396597973e-07
2025-08-06 04:10:00+00:00,1.4165712865832346e-06
2025-08-06 04:20:00+00:00,1.1282361001008212e-06
2025-08-06 04:30:00+00:00,1.1678122266545188e-06
2025-08-06 04:40:00+00:00,8.97190746673715e-07
2025-08-06 04:50:00+00:00,8.410168258699002e-07
2025-08-06 05:00:00+00:00,6.944908549577633e-07
2025-08-06 05:10:00+00:00,6.277853922931343e-07
2025-08-06 05:20:00+00:00,6.463176433157969e-07
2025-08-06 05:30:00+00:00,7.710205089939137e-07
2025-08-06 05:40:00+00:00,8.966057140291639e-07
2025-08-06 05:50:00+00:00,9.291830364688281e-07
2025-08-06 06:00:00+00:00,1.1415448254226134e-06
2025-08-06 06:10:00+00:00,1.96006857677844e-06
2025-08-06 06:20:00+00:00,1.03511984210769e-06
2025-08-06 06:30:00+00:00,8.663872008263241e-07
2025-08-06 06:40:00+00:00,8.344363601864302e-07
2025-08-06 06:50:00+00:00,8.03527598769449e-07
2025-08-06 07:00:00+00:00,2.988798208258814e-07
2025-08-06 07:10:00+00:00,6.108817367955765e-07
2025-08-06 07:20:00+00:00,6.560386754284053e-07
2025-08-06 07:30:00+00:00,6.91923074569445e-07
2025-08-06 07:40:00+00:00,1.0277759724175438e-06
2025-08-06 07:50:00+00:00,2.8352873243875366e-06
2025-08-06 08:00:00+00:00,2.0180680266435045e-06
2025-08-06 08:10:00+00:00,1.0444342762205849e-06
2025-08-06 08:20:00+00:00,7.843441827137809e-07
2025-08-06 08:30:00+00:00,6.757399513723783e-07
2025-08-06 08:40:00+00:00,7.291541430642923e-07
2025-08-06 08:50:00+00:00,8.629958458072906e-07
2025-08-06 09:00:00+00:00,1.2364291649191727e-06
2025-08-06 09:10:00+00:00,9.127445384393695e-07
2025-08-06 09:20:00+00:00,7.090594341008227e-07
2025-08-06 09:30:00+00:00,6.670700090083415e-07
2025-08-06 09:40:00+00:00,6.734376727379754e-07
2025-08-06 09:50:00+00:00,7.763776332936345e-07
2025-08-06 10:00:00+00:00,7.13711724475985e-07
2025-08-06 10:10:00+00:00,7.546206347797124e-07
2025-08-06 10:20:00+00:00,8.045941942036449e-07
2025-08-06 10:30:00+00:00,7.319891604851137e-07
2025-08-06 10:40:00+00:00,1.750643214659675e-06
2025-08-06 10:50:00+00:00,1.5568556527512102e-06
2025-08-06 11:00:00+00:00,1.7932377453178106e-06
2025-08-06 11:10:00+00:00,1.1103627423736385e-06
2025-08-06 11:20:00+00:00,8.364695822216107e-07
2025-08-06 11:30:00+00:00,7.109406737981771e-07
2025-08-06 11:40:00+00:00,1.7824910507613367e-06
2025-08-06 11:50:00+00:00,3.433558967458339e-06
2025-08-06 12:00:00+00:00,2.129973900366622e-06
2025-08-06 12:10:00+00:00,1.4772745796420849e-06
2025-08-06 12:20:00+00:00,1.0556345330314799e-06
2025-08-06 12:30:00+00:00,8.734965396328676e-07
2025-08-06 12:40:00+00:00,8.945140513638705e-07
2025-08-06 12:50:00+00:00,7.934676570897637e-07
2025-08-06 13:00:00+00:00,8.055547470853242e-07
2025-08-06 13:10:00+00:00,7.516820480724107e-07
2025-08-06 13:20:00+00:00,2.2003421201510775e-06
2025-08-06 13:30:00+00:00,2.5783427574310736e-06
2025-08-06 13:40:00+00:00,2.1167092896234863e-06
2025-08-06 13:50:00+00:00,2.136008244235654e-06
2025-08-06 14:00:00+00:00,1.544301863276587e-06
2025-08-06 14:10:00+00:00,1.1142382120965522e-06
2025-08-06 14:20:00+00:00,1.1083284199742138e-06
2025-08-06 14:30:00+00:00,9.335288509326744e-07
2025-08-06 14:40:00+00:00,8.816054747562418e-07
2025-08-06 14:50:00+00:00,1.430761616916243e-06
2025-08-06 15:00:00+00:00,1.0628896458086956e-06
2025-08-06 15:10:00+00:00,9.516993574543164e-07
2025-08-06 15:20:00+00:00,9.968662187276322e-07
2025-08-06 15:30:00+00:00,1.0554650543781464e-06
2025-08-06 15:40:00+00:00,9.466666105240052e-07
2025-08-06 15:50:00+00:00,1.1289011382586978e-06
2025-08-06 16:00:00+00:00,1.6354865293166654e-06
2025-08-06 16:10:00+00:00,9.453200879860901e-07
2025-08-06 16:20:00+00:00,8.751067793966172e-07
2025-08-06 16:30:00+00:00,8.567665821246351e-07
2025-08-06 16:40:00+00:00,1.1373533849834417e-06
2025-08-06 16:50:00+00:00,1.7294257233402277e-06
2025-08-06 17:00:00+00:00,4.058761133052258e-06
2025-08-06 17:10:00+00:00,2.277805158001911e-06
2025-08-06 17:20:00+00:00,1.764479482702086e-06
2025-08-06 17:30:00+00:00,1.3955321779945962e-06
2025-08-06 17:40:00+00:00,1.255803387145704e-06
2025-08-06 17:50:00+00:00,1.2456899593615845e-06
2025-08-06 18:00:00+00:00,1.0666343870369133e-06
2025-08-06 18:10:00+00:00,1.0640614528156788e-06
2025-08-06 18:20:00+00:00,9.83548069832807e-07
2025-08-06 18:30:00+00:00,8.556163171746789e-07
2025-08-06 18:40:00+00:00,8.664415883430365e-07
2025-08-06 18:50:00+00:00,8.317690143755385e-07
2025-08-06 19:00:00+00:00,8.774834224567485e-07
2025-08-06 19:10:00+00:00,1.246369894758459e-06
2025-08-06 19:20:00+00:00,1.1488263739423133e-06
2025-08-06 19:30:00+00:00,9.91864904520412e-07
2025-08-06 19:40:00+00:00,9.234629263943361e-07
2025-08-06 19:50:00+00:00,8.580151526160762e-07
2025-08-06 20:00:00+00:00,9.689624592468248e-07
2025-08-06 20:10:00+00:00,9.729115495460405e-07
2025-08-06 20:20:00+00:00,9.153855573984515e-07
2025-08-06 20:30:00+00:00,9.419184129555447e-07
2025-08-06 20:40:00+00:00,9.53620769372776e-07
2025-08-06 20:50:00+00:00,1.0661005333645335e-06
2025-08-06 21:00:00+00:00,1.2593643333502768e-06
2025-08-06 21:10:00+00:00,2.0951778680000644e-06
2025-08-06 21:20:00+00:00,1.5039096645352857e-06
2025-08-06 21:30:00+00:00,1.123707322925327e-06
2025-08-06 21:40:00+00:00,9.231843282719865e-07
2025-08-06 21:50:00+00:00,1.0000377212548984e-06
2025-08-06 22:00:00+00:00,9.356569046659046e-07
2025-08-06 22:10:00+00:00,9.149777476125109e-07
2025-08-06 22:20:00+00:00,1.0051553447354422e-06
2025-08-06 22:30:00+00:00,1.0863024794360855e-06
2025-08-06 22:40:00+00:00,1.0837335617353006e-06
2025-08-06 22:50:00+00:00,1.0501058813616737e-06
2025-08-06 23:00:00+00:00,1.0255191110530858e-06
2025-08-06 23:10:00+00:00,1.1120642469109043e-06
2025-08-06 23:20:00+00:00,1.3029547691445487e-06
2025-08-06 23:30:00+00:00,1.4854158486343748e-06
2025-08-06 23:40:00+00:00,1.384181217645164e-06
2025-08-06 23:50:00+00:00,1.3257679626121898e-06
2025-08-07 00:00:00+00:00,1.8995403031851766e-06
2025-08-07 00:10:00+00:00,1.430017461778732e-06
2025-08-07 00:20:00+00:00,1.0891023675796419e-06
2025-08-07 00:30:00+00:00,1.1555089736603463e-06
2025-08-07 00:40:00+00:00,1.3931963920299495e-06
2025-08-07 00:50:00+00:00,1.1244558502099267e-06
2025-08-07 01:00:00+00:00,9.537213722765614e-07
2025-08-07 01:10:00+00:00,8.998758829648068e-07
2025-08-07 01:20:00+00:00,1.4098612563628877e-06
2025-08-07 01:30:00+00:00,2.440250554514023e-06
2025-08-07 01:40:00+00:00,2.405473659194968e-06
2025-08-07 01:50:00+00:00,2.0268123876121536e-06
2025-08-07 02:00:00+00:00,1.9493719189966896e-06
2025-08-07 02:10:00+00:00,3.3079960992665747e-06
2025-08-07 02:20:00+00:00,4.014452876788255e-06
2025-08-07 02:30:00+00:00,1.1330722884395072e-05
2025-08-07 02:40:00+00:00,7.162583631270536e-06
2025-08-07 02:50:00+00:00,3.934417911466426e-06
2025-08-07 03:00:00+00:00,2.434652042282437e-06
2025-08-07 03:10:00+00:00,2.2312189940976167e-06
2025-08-07 03:20:00+00:00,2.05586587647133e-06
2025-08-07 03:30:00+00:00,1.880721850966438e-06
2025-08-07 03:40:00+00:00,1.3561768485104154e-06
2025-08-07 03:50:00+00:00,1.1967014664548969e-06
2025-08-07 04:00:00+00:00,1.0625429782251672e-06
2025-08-07 04:10:00+00:00,1.0734296038705793e-06
2025-08-07 04:20:00+00:00,1.1299326198255245e-06
2025-08-07 04:30:00+00:00,1.108479571598764e-06
2025-08-07 04:40:00+00:00,1.112457045948645e-06
2025-08-07 04:50:00+00:00,1.002955218254442e-06
2025-08-07 05:00:00+00:00,1.019663282164629e-06
2025-08-07 05:10:00+00:00,1.1128848843355853e-06
2025-08-07 05:20:00+00:00,9.98100632365606e-07
2025-08-07 05:30:00+00:00,1.0992278097532448e-06
2025-08-07 05:40:00+00:00,1.1449285700848578e-06
2025-08-07 05:50:00+00:00,1.1134737071927248e-06
2025-08-07 06:00:00+00:00,1.0217353874963918e-06
2025-08-07 06:10:00+00:00,1.0303770027420001e-06
2025-08-07 06:20:00+00:00,1.001770101716204e-06
2025-08-07 06:30:00+00:00,9.336711801921637e-07
2025-08-07 06:40:00+00:00,9.850258358312658e-07
2025-08-07 06:50:00+00:00,9.987630852137385e-07
2025-08-07 07:00:00+00:00,1.0022370053874852e-06
2025-08-07 07:10:00+00:00,1.1644668616028753e-06
2025-08-07 07:20:00+00:00,1.282877392760895e-06
2025-08-07 07:30:00+00:00,9.655444685563453e-07
2025-08-07 07:40:00+00:00,8.585412218486966e-07
2025-08-07 07:50:00+00:00,9.072606897753133e-07
2025-08-07 08:00:00+00:00,1.0764591310774564e-06
2025-08-07 08:10:00+00:00,9.844002319070456e-07
2025-08-07 08:20:00+00:00,9.458734936629298e-07
2025-08-07 08:30:00+00:00,9.353143688883847e-07
2025-08-07 08:40:00+00:00,9.884090371059528e-07
2025-08-07 08:50:00+00:00,1.0821807752137147e-06
2025-08-07 09:00:00+00:00,1.0897535762666166e-06
2025-08-07 09:10:00+00:00,1.357431766813022e-06
2025-08-07 09:20:00+00:00,1.4482319201647442e-06
2025-08-07 09:30:00+00:00,1.1866804650040308e-06
2025-08-07 09:40:00+00:00,1.150533464056025e-06
2025-08-07 09:50:00+00:00,1.8604005600053597e-06
2025-08-07 10:00:00+00:00,1.8878696351976033e-06
2025-08-07 10:10:00+00:00,1.5875627052963637e-06
2025-08-07 10:20:00+00:00,1.5212851927515203e-06
2025-08-07 10:30:00+00:00,1.4823048868350952e-06
2025-08-07 10:40:00+00:00,2.21419215264973e-06
2025-08-07 10:50:00+00:00,3.3225333027075976e-06
2025-08-07 11:00:00+00:00,5.846739909998178e-06
2025-08-07 11:10:00+00:00,1.083341460343945e-05
2025-08-07 11:20:00+00:00,2.043956187662843e-05
2025-08-07 11:30:00+00:00,2.2302710658550495e-05
2025-08-07 11:40:00+00:00,1.7017831248722358e-05
2025-08-07 11:50:00+00:00,1.0869771716670585e-05
2025-08-07 12:00:00+00:00,7.605398525356577e-06
2025-08-07 12:10:00+00:00,6.134447713179725e-06
2025-08-07 12:20:00+00:00,4.90160119710481e-06
2025-08-07 12:30:00+00:00,3.870245777193304e-06
2025-08-07 12:40:00+00:00,3.0439771798285163e-06
2025-08-07 12:50:00+00:00,2.416232956647946e-06
2025-08-07 13:00:00+00:00,2.052993742296394e-06
2025-08-07 13:10:00+00:00,1.667989588582941e-06
2025-08-07 13:20:00+00:00,1.378683711550366e-06
2025-08-07 13:30:00+00:00,1.2192442426339767e-06
2025-08-07 13:40:00+00:00,1.2777968660060424e-06
2025-08-07 13:50:00+00:00,1.1644358227869135e-06
2025-08-07 14:00:00+00:00,1.0905814926687185e-06
2025-08-07 14:10:00+00:00,1.0294098938601336e-06
2025-08-07 14:20:00+00:00,9.82755632250587e-07
2025-08-07 14:30:00+00:00,1.0586963917091907e-06
2025-08-07 14:40:00+00:00,2.5935318006986565e-06
2025-08-07 14:50:00+00:00,2.370153880804082e-06
2025-08-07 15:00:00+00:00,1.9810982969659108e-06
2025-08-07 15:10:00+00:00,1.461300355387607e-06
2025-08-07 15:20:00+00:00,1.1675524639542801e-06
2025-08-07 15:30:00+00:00,9.922044023724653e-07
2025-08-07 15:40:00+00:00,9.341825508712986e-07
2025-08-07 15:50:00+00:00,9.80627145175106e-07
2025-08-07 16:00:00+00:00,9.566165884322686e-07
2025-08-07 16:10:00+00:00,8.399438257811199e-07
2025-08-07 16:20:00+00:00,7.959575039961919e-07
2025-08-07 16:30:00+00:00,7.821911761851652e-07
2025-08-07 16:40:00+00:00,7.589723924894543e-07
2025-08-07 16:50:00+00:00,8.575783037478856e-07
2025-08-07 17:00:00+00:00,8.370310685457128e-07
2025-08-07 17:10:00+00:00,7.558289681242058e-07
2025-08-07 17:20:00+00:00,7.329936893007982e-07
2025-08-07 17:30:00+00:00,7.337289883224685e-07
2025-08-07 17:40:00+00:00,7.42721380753153e-07
2025-08-07 17:50:00+00:00,7.079930576026072e-07
2025-08-07 18:00:00+00:00,6.556094679588398e-07
2025-08-07 18:10:00+00:00,4.025122053441521e-07
2025-08-07 18:20:00+00:00,6.309105454072039e-07
2025-08-07 18:30:00+00:00,6.225380193569663e-07
2025-08-07 18:40:00+00:00,6.306263069966178e-07
2025-08-07 18:50:00+00:00,6.602133451494296e-07
2025-08-07 19:00:00+00:00,6.204250728281125e-07
2025-08-07 19:10:00+00:00,6.432564116032324e-07
2025-08-07 19:20:00+00:00,6.053002586270395e-07
2025-08-07 19:30:00+00:00,5.773631431615911e-07
2025-08-07 19:40:00+00:00,5.761633030232361e-07
2025-08-07 19:50:00+00:00,6.152779180368384e-07
2025-08-07 20:00:00+00:00,6.279211788751126e-07
2025-08-07 20:10:00+00:00,6.04289544625658e-07
2025-08-07 20:20:00+00:00,4.1079835169099963e-07
2025-08-07 20:30:00+00:00,0.0
2025-08-07 20:40:00+00:00,0.0
2025-08-07 20:50:00+00:00,0.0
2025-08-07 21:00:00+00:00,0.0
2025-08-07 21:10:00+00:00,0.0
2025-08-07 21:20:00+00:00,0.0
2025-08-07 21:30:00+00:00,0.0
2025-08-07 21:40:00+00:00,0.0
2025-08-07 21:50:00+00:00,0.0
2025-08-07 22:00:00+00:00,3.099312447574221e-07
2025-08-07 22:10:00+00:00,9.592018122006607e-07
2025-08-07 22:20:00+00:00,9.114096579665443e-07
2025-08-07 22:30:00+00:00,8.3222372406766e-07
2025-08-07 22:40:00+00:00,8.291677975336142e-07
2025-08-07 22:50:00+00:00,8.872797035763824e-07
2025-08-07 23:00:00+00:00,9.172743796526106e-07
2025-08-07 23:10:00+00:00,8.744544574668112e-07
2025-08-07 23:20:00+00:00,8.482296452783089e-07
2025-08-07 23:30:00+00:00,1.0677105413137156e-06
2025-08-07 23:40:00+00:00,1.3653138132951881e-06
2025-08-07 23:50:00+00:00,1.1988181466193736e-06
2025-08-08 00:00:00+00:00,1.0115178545433424e-06
2025-08-08 00:10:00+00:00,7.76819104864046e-07
2025-08-08 00:20:00+00:00,6.99097157408346e-07
2025-08-08 00:30:00+00:00,1.3461743129994374e-06
2025-08-08 00:40:00+00:00,2.803639085868781e-06
2025-08-08 00:50:00+00:00,3.6221734120545078e-06
2025-08-08 01:00:00+00:00,3.1578106387541993e-06
2025-08-08 01:10:00+00:00,2.088840523839508e-06
2025-08-08 01:20:00+00:00,1.410875239216125e-06
2025-08-08 01:30:00+00:00,9.739369115635554e-07
2025-08-08 01:40:00+00:00,7.494816340880561e-07
2025-08-08 01:50:00+00:00,6.58000880182641e-07
2025-08-08 02:00:00+00:00,6.824248517389719e-07
2025-08-08 02:10:00+00:00,8.210882670667274e-07
2025-08-08 02:20:00+00:00,7.704836399113901e-07
2025-08-08 02:30:00+00:00,7.204703460494954e-07
2025-08-08 02:40:00+00:00,7.529641297132628e-07
2025-08-08 02:50:00+00:00,7.785698660001117e-07
2025-08-08 03:00:00+00:00,8.841117367097695e-07
2025-08-08 03:10:00+00:00,1.189015971903018e-06
2025-08-08 03:20:00+00:00,8.419602711917662e-07
2025-08-08 03:30:00+00:00,1.1204802419229054e-06
2025-08-08 03:40:00+00:00,3.4155174745365003e-06
2025-08-08 03:50:00+00:00,1.4348620118198596e-05
2025-08-08 04:00:00+00:00,5.085136839966253e-06
2025-08-08 04:10:00+00:00,2.3971403493305843e-06
2025-08-08 04:20:00+00:00,1.9484474503173034e-06
2025-08-08 04:30:00+00:00,1.5654525874708725e-06
2025-08-08 04:40:00+00:00,1.4805577428944616e-06
2025-08-08 04:50:00+00:00,1.3001080723995528e-06
2025-08-08 05:00:00+00:00,1.0404990756107679e-06
2025-08-08 05:10:00+00:00,8.784719499388416e-07
2025-08-08 05:20:00+00:00,9.078383789606903e-07
2025-08-08 05:30:00+00:00,9.331083713703947e-07
2025-08-08 05:40:00+00:00,9.353861319283396e-07
2025-08-08 05:50:00+00:00,9.896933738318126e-07
2025-08-08 06:00:00+00:00,9.420731831966123e-07
2025-08-08 06:10:00+00:00,8.299488697183222e-07
2025-08-08 06:20:00+00:00,7.412877151224961e-07
2025-08-08 06:30:00+00:00,6.807574558287399e-07
2025-08-08 06:40:00+00:00,7.424979956205391e-07
2025-08-08 06:50:00+00:00,7.773528351684434e-07
2025-08-08 07:00:00+00:00,8.076242988153126e-07
2025-08-08 07:10:00+00:00,7.482148209447815e-07
2025-08-08 07:20:00+00:00,7.126573771110145e-07
2025-08-08 07:30:00+00:00,7.400227146625582e-07
2025-08-08 07:40:00+00:00,7.397990167135049e-07
2025-08-08 07:50:00+00:00,7.179642108390283e-07
2025-08-08 08:00:00+00:00,6.39347251274458e-07
2025-08-08 08:10:00+00:00,5.691829441989427e-07
2025-08-08 08:20:00+00:00,5.301037870775182e-07
2025-08-08 08:30:00+00:00,6.288810238341824e-07
2025-08-08 08:40:00+00:00,1.2298781456365759e-06
2025-08-08 08:50:00+00:00,1.3315023828397443e-06
2025-08-08 09:00:00+00:00,1.3251892742260908e-06
2025-08-08 09:10:00+00:00,1.1965449974837839e-06
2025-08-08 09:20:00+00:00,1.0550639149897733e-06
2025-08-08 09:30:00+00:00,9.328598117974707e-07
2025-08-08 09:40:00+00:00,8.058859311432797e-07
2025-08-08 09:50:00+00:00,7.446720089454573e-07
2025-08-08 10:00:00+00:00,7.03984128680446e-07
2025-08-08 10:10:00+00:00,7.558343136260248e-07
2025-08-08 10:20:00+00:00,7.836402988736779e-07
2025-08-08 10:30:00+00:00,7.900472998478846e-07
2025-08-08 10:40:00+00:00,7.513058411845464e-07
2025-08-08 10:50:00+00:00,6.89701383915775e-07
2025-08-08 11:00:00+00:00,6.617524924479312e-07
2025-08-08 11:10:00+00:00,6.937924007743845e-07
2025-08-08 11:20:00+00:00,7.758598078666523e-07
2025-08-08 11:30:00+00:00,8.0241529047953e-07
2025-08-08 11:40:00+00:00,7.354268990233948e-07
2025-08-08 11:50:00+00:00,6.722728146613121e-07
2025-08-08 12:00:00+00:00,6.531139439047706e-07
2025-08-08 12:10:00+00:00,6.265434168817308e-07
2025-08-08 12:20:00+00:00,6.357730251593807e-07
2025-08-08 12:30:00+00:00,6.09016821373487e-07
2025-08-08 12:40:00+00:00,6.056868386394854e-07
2025-08-08 12:50:00+00:00,5.902992140427443e-07
2025-08-08 13:00:00+00:00,5.785722539730642e-07
2025-08-08 13:10:00+00:00,5.72094388351374e-07
2025-08-08 13:20:00+00:00,5.558506518177353e-07
2025-08-08 13:30:00+00:00,5.366700112752199e-07
2025-08-08 13:40:00+00:00,5.492902806825129e-07
2025-08-08 13:50:00+00:00,5.665057337456148e-07
2025-08-08 14:00:00+00:00,5.692827687919788e-07
2025-08-08 14:10:00+00:00,7.197014971538352e-07
2025-08-08 14:20:00+00:00,1.6577616186452815e-06
2025-08-08 14:30:00+00:00,3.996146307372328e-06
2025-08-08 14:40:00+00:00,3.992770251670663e-06
2025-08-08 14:50:00+00:00,3.266859670247868e-06
2025-08-08 15:00:00+00:00,2.839989349467942e-06
2025-08-08 15:10:00+00:00,2.100549760797321e-06
2025-08-08 15:20:00+00:00,1.750324422644667e-06
2025-08-08 15:30:00+00:00,1.4517145288550636e-06
2025-08-08 15:40:00+00:00,1.2835396406174481e-06
2025-08-08 15:50:00+00:00,1.148872923195654e-06
2025-08-08 16:00:00+00:00,1.0635884889254043e-06
2025-08-08 16:10:00+00:00,1.0644566781792264e-06
2025-08-08 16:20:00+00:00,1.1563501745470716e-06
2025-08-08 16:30:00+00:00,1.2908628555408086e-06
2025-08-08 16:40:00+00:00,2.097554736124607e-06
2025-08-08 16:50:00+00:00,4.803855460977502e-06
2025-08-08 17:00:00+00:00,3.7480754990326657e-06
2025-08-08 17:10:00+00:00,2.241122999180334e-06
2025-08-08 17:20:00+00:00,1.7213554201589432e-06
2025-08-08 17:30:00+00:00,1.6570386165426498e-06
2025-08-08 17:40:00+00:00,1.5079439801723992e-06
2025-08-08 17:50:00+00:00,2.9888101792607814e-06
2025-08-08 18:00:00+00:00,3.64693236747371e-06
2025-08-08 18:10:00+00:00,3.198523276637388e-06
2025-08-08 18:20:00+00:00,2.4232252506806162e-06
2025-08-08 18:30:00+00:00,1.9883305576229303e-06
2025-08-08 18:40:00+00:00,1.6505230803431915e-06
2025-08-08 18:50:00+00:00,1.871165832767474e-06
2025-08-08 19:00:00+00:00,3.845823478343391e-06
2025-08-08 19:10:00+00:00,4.378637471802449e-06
2025-08-08 19:20:00+00:00,2.430132729358547e-06
2025-08-08 19:30:00+00:00,1.9309948683599033e-06
2025-08-08 19:40:00+00:00,1.5820197290850046e-06
2025-08-08 19:50:00+00:00,1.3231790816803368e-06
2025-08-08 20:00:00+00:00,1.132163006900555e-06
2025-08-08 20:10:00+00:00,1.0185636716286695e-06
2025-08-08 20:20:00+00:00,8.800279624132656e-07
2025-08-08 20:30:00+00:00,7.638633464424061e-07
2025-08-08 20:40:00+00:00,6.876235059571911e-07
2025-08-08 20:50:00+00:00,6.463320620930801e-07
2025-08-08 21:00:00+00:00,6.383527243247755e-07
2025-08-08 21:10:00+00:00,5.739834046281089e-07
2025-08-08 21:20:00+00:00,8.246952587054324e-07
2025-08-08 21:30:00+00:00,7.050042082568097e-07
2025-08-08 21:40:00+00:00,5.764465890845117e-07
2025-08-08 21:50:00+00:00,5.821279772000309e-07
2025-08-08 22:00:00+00:00,5.193719066820535e-07
2025-08-08 22:10:00+00:00,1.2002212092632192e-06
2025-08-08 22:20:00+00:00,1.182532844157258e-06
2025-08-08 22:30:00+00:00,4.994102555944124e-07
2025-08-08 22:40:00+00:00,5.467645024737066e-07
2025-08-08 22:50:00+00:00,5.454151803530038e-07
2025-08-08 23:00:00+00:00,5.588429841552056e-07
2025-08-08 23:10:00+00:00,5.309860680924317e-07
2025-08-08 23:20:00+00:00,5.240191616628919e-07
2025-08-08 23:30:00+00:00,5.239269741608154e-07
2025-08-08 23:40:00+00:00,5.092435492848324e-07
2025-08-08 23:50:00+00:00,5.05719727339482e-07
2025-08-09 00:00:00+00:00,5.28910255415127e-07
2025-08-09 00:10:00+00:00,5.519784091578828e-07
2025-08-09 00:20:00+00:00,5.053126688192577e-07
2025-08-09 00:30:00+00:00,5.266326865260851e-07
2025-08-09 00:40:00+00:00,5.725279859092325e-07
2025-08-09 00:50:00+00:00,5.75312213557666e-07
2025-08-09 01:00:00+00:00,5.98155444375692e-07
2025-08-09 01:10:00+00:00,5.995774464917502e-07
2025-08-09 01:20:00+00:00,1.2102759846754908e-06
2025-08-09 01:30:00+00:00,1.2674675932800028e-06
2025-08-09 01:40:00+00:00,1.1214864702679962e-06
2025-08-09 01:50:00+00:00,9.996095323927535e-07
2025-08-09 02:00:00+00:00,1.0577298924729917e-06
2025-08-09 02:10:00+00:00,1.2182185418652125e-06
2025-08-09 02:20:00+00:00,1.7716189340433175e-06
2025-08-09 02:30:00+00:00,2.2518071943977703e-06
2025-08-09 02:40:00+00:00,1.9341765771230257e-06
2025-08-09 02:50:00+00:00,1.91024984417254e-06
2025-08-09 03:00:00+00:00,2.248775879110099e-06
2025-08-09 03:10:00+00:00,1.7951744666788727e-06
2025-08-09 03:20:00+00:00,1.7755221065840488e-06
2025-08-09 03:30:00+00:00,1.3172856608179017e-06
2025-08-09 03:40:00+00:00,9.693339837468784e-07
2025-08-09 03:50:00+00:00,8.22871180972129e-07
2025-08-09 04:00:00+00:00,7.758032632310119e-07
2025-08-09 04:10:00+00:00,6.996545144577482e-07
2025-08-09 04:20:00+00:00,7.29274804633917e-07
2025-08-09 04:30:00+00:00,6.830397753176953e-07
2025-08-09 04:40:00+00:00,6.993584723780088e-07
2025-08-09 04:50:00+00:00,8.674498042537948e-07
2025-08-09 05:00:00+00:00,9.567619821737593e-07
2025-08-09 05:10:00+00:00,8.701175854497478e-07
2025-08-09 05:20:00+00:00,7.929403140316538e-07
2025-08-09 05:30:00+00:00,7.432670055429468e-07
2025-08-09 05:40:00+00:00,7.706732429113572e-07
2025-08-09 05:50:00+00:00,8.588555264310572e-07
2025-08-09 06:00:00+00:00,9.903064150051933e-07
2025-08-09 06:10:00+00:00,9.469343975609945e-07
2025-08-09 06:20:00+00:00,1.089716773705618e-06
2025-08-09 06:30:00+00:00,1.458307803048342e-06
2025-08-09 06:40:00+00:00,9.183469003914979e-07
2025-08-09 06:50:00+00:00,1.5909567416372284e-06
2025-08-09 07:00:00+00:00,4.0335417779147065e-06
2025-08-09 07:10:00+00:00,1.8351639820224364e-06
2025-08-09 07:20:00+00:00,1.1570161522200806e-06
2025-08-09 07:30:00+00:00,8.779224356381121e-07
2025-08-09 07:40:00+00:00,1.041297069370728e-06
2025-08-09 07:50:00+00:00,1.199684726671535e-06
2025-08-09 08:00:00+00:00,1.760752714830005e-06
2025-08-09 08:10:00+00:00,2.1357398630073023e-06
2025-08-09 08:20:00+00:00,1.8301011717625215e-06
2025-08-09 08:30:00+00:00,1.6623215490341181e-06
2025-08-09 08:40:00+00:00,1.7581574990543914e-06
2025-08-09 08:50:00+00:00,1.9209914221107736e-06
2025-08-09 09:00:00+00:00,2.3266663113474804e-06
2025-08-09 09:10:00+00:00,2.6425571974186824e-06
2025-08-09 09:20:00+00:00,2.81092646758907e-06
2025-08-09 09:30:00+00:00,2.4741252175886075e-06
2025-08-09 09:40:00+00:00,2.398869176545304e-06
2025-08-09 09:50:00+00:00,2.572158149405368e-06
2025-08-09 10:00:00+00:00,2.497476312157687e-06
2025-08-09 10:10:00+00:00,2.2583401232623147e-06
